Model,Test_AUC
Bi-LSTM,0.733418648779842
Transformer,0.7398393716076078
