{
  "auc": 0.9760279830322933,
  "average_precision": 0.5908208210674911,
  "accuracy": 0.9557678697806087,
  "sensitivity": 0.8571428571428571,
  "specificity": 0.9572557471264368,
  "precision": 0.23225806451612904,
  "f1": 0.36548223350253806,
  "brier": 0.03768339827536632,
  "threshold": 0.5,
  "tp": 36,
  "fp": 119,
  "tn": 2665,
  "fn": 6,
  "model": "first_visit_LASSO_logistic",
  "cv_auc_mean": 0.9722748823895195,
  "cv_auc_sd": 0.021575277948808428,
  "n": 9420,
  "events": 139
}