auc,average_precision,accuracy,sensitivity,specificity,precision,f1,brier,threshold,tp,fp,tn,fn,model,cv_auc_mean,cv_auc_sd,n,events
0.9760279830322933,0.5908208210674911,0.9557678697806087,0.8571428571428571,0.9572557471264368,0.23225806451612904,0.36548223350253806,0.03768339827536632,0.5,36,119,2665,6,first_visit_LASSO_logistic,0.9722748823895195,0.021575277948808428,9420,139
